"gene"	"alleles"	"counts"	"total"	"note"	"kh"	"kd"	"kt"	"kq"	"k_diff"	"GENOTYPED_ALLELES"	"Freq_by_Clone"	"Freq_by_Seq"
"IGHV1-2"	"06,04,02,07"	"863,357,1,0"	"1221"	NA	"-1000"	"-15.2664676792039"	"-182.922517671417"	"-1000"	"167.656049992213"	"06,04"	"1124;498"	"1124;498"
"IGHV1-3"	"01,04,02,05"	"770,2,2,1"	"775"	NA	"2.63671603729472"	"-162.76120110361"	"-292.904620403667"	"-1000"	"165.397917140905"	"01"	"1015"	"1015"
"IGHV1-8"	"01,02,03"	"1122,0,0"	"1122"	NA	"-5.11052671916422"	"-250.819033221209"	"-1000"	"-1000"	"245.708506502044"	"01"	"1595"	"1595"
"IGHV1-18"	"01,04,03"	"1412,3,0"	"1415"	NA	"-5.87308923144869"	"-310.250790407178"	"-1000"	"-1000"	"304.377701175729"	"01"	"1878"	"1878"
"IGHV1-24"	"01"	"521"	"521"	NA	"1.53256944494541"	"-112.562022255202"	"-202.458476944829"	"-305.517752003015"	"114.094591700147"	"01"	"631"	"631"
"IGHV1-45"	"03"	"1"	"1"	NA	"1.36749927619547"	"1.14850773742359"	"0.975961759132561"	"0.778151250383644"	"0.218991538771876"	"03"	"1"	"1"
"IGHV1-46"	"01,03,04"	"547,4,2"	"553"	NA	"3.94052252925178"	"-109.396713752085"	"-201.175342605148"	"-309.943007501991"	"113.337236281337"	"01"	"745"	"745"
"IGHV1-58"	"01,02,03"	"123,51,0"	"174"	NA	"-53.1629353845414"	"2.15308203922438"	"-21.9506224441473"	"-53.4891018128841"	"24.1037044833717"	"01,02"	"149;57"	"149;57"
"IGHV1-69"	"01,04,09,20"	"1658,558,1,1"	"2219"	NA	"-54.4004345434478"	"-0.715892466863499"	"-32.334177994866"	"-72.8758297366825"	"31.6182855280025"	"01,04"	"2435;850"	"2435;850"
"IGHV1-69-2"	"01"	"9"	"9"	NA	"3.00616624156061"	"1.03524239261373"	"-0.517671412005554"	"-2.29796599074581"	"1.97092384894688"	"01"	"0"	"0"
"IGHV2-5"	"02,01"	"1502,3"	"1505"	NA	"4.73588716831534"	"-27.6728067982045"	"-53.6061571443031"	"-83.3596943042295"	"32.4086939665198"	"02"	"2044"	"2044"
"IGHV2-26"	"01"	"447"	"447"	NA	"2.27448828306357"	"-95.6147295479648"	"-172.742781844056"	"-261.164079254822"	"97.8892178310284"	"01"	"539"	"539"
"IGHV2-70"	"15,01,05,20"	"203,144,0,0"	"347"	NA	"-184.498603722684"	"3.28698927426714"	"-39.8731595759648"	"-100.380090854687"	"43.1601488502319"	"15,01"	"233;165"	"233;165"
"IGHV2-70D"	"04,14"	"5,5"	"9"	NA	"-4.51280869978036"	"2.45615288995894"	"1.31101621874154"	"-0.384682088985394"	"1.1451366712174"	"04,14"	"0;0"	"0;0"
"IGHV3-7"	"01,04,03,05"	"708,19,16,0"	"743"	NA	"-1.25417395689473"	"-125.657290129708"	"-226.253414955321"	"-1000"	"124.403116172813"	"01"	"1220"	"1220"
"IGHV3-9"	"01,04,02,03"	"1935,2,1,0"	"1938"	NA	"4.55572957668813"	"-37.4965764043259"	"-70.7540221400338"	"-109.058621413509"	"42.052305981014"	"01"	"3437"	"3437"
"IGHV3-11"	"01,06,04,05"	"700,20,0,0"	"720"	NA	"-2.01856093004815"	"-123.056960935966"	"-244.968772858737"	"-1000"	"121.038400005918"	"01"	"1295"	"1295"
"IGHV3-13"	"01,06,04,05"	"284,1,0,0"	"285"	NA	"4.20125373174885"	"-56.3795594227441"	"-105.439098613349"	"-161.758612250839"	"60.5808131544929"	"01"	"392"	"392"
"IGHV3-15"	"01,07"	"1025,0"	"1025"	NA	"-3.99505373500902"	"-228.461380976182"	"-1000"	"-1000"	"224.466327241173"	"01"	"1385"	"1385"
"IGHV3-16"	"02,03,04"	"0,0,0"	"1"	NA	"0.778151250383644"	"0.778151250383644"	"0.778151250383644"	"0.778151250383644"	"0"	"02"	"2"	"2"
"IGHV3-20"	"01,02"	"143,0"	"143"	NA	"4.66627228130696"	"-26.6495177630713"	"-51.3235926586887"	"-79.610495409784"	"31.3157900443782"	"01"	"182"	"182"
"IGHV3-21"	"01,03,06,05"	"1535,3,1,0"	"1539"	NA	"4.7642934881685"	"-28.3670725562985"	"-54.7283272959605"	"-85.1346391347583"	"33.131366044467"	"01"	"2948"	"2948"
"IGHV3-23"	"01,01_A152G,03,04"	"3317,68,0,0"	"3385"	NA	"3.3109808376276"	"-58.3615823473093"	"-115.979156566921"	"-182.553940557953"	"61.6725631849369"	"01"	"5308"	"5308"
"IGHV3-30"	"18,20,03,04"	"1580,69,46,40"	"1737"	NA	"-27.8801222001147"	"-262.604667346016"	"-1000"	"-1000"	"234.724545145902"	"18"	"2797"	"2797"
"IGHV3-30-3"	"01"	"1786"	"1786"	NA	"4.49978288131163"	"-34.6121059433453"	"-65.4288176661236"	"-100.75777452868"	"39.111888824657"	"01"	"3270"	"3270"
"IGHV3-33"	"01,06,08"	"1293,12,2"	"1308"	NA	"-0.708070653791767"	"-264.51072400519"	"-1000"	"-1000"	"263.802653351398"	"01"	"2376"	"2376"
"IGHV3-38"	"02,03"	"1,1"	"2"	NA	"0.0494359412327069"	"1.44322825918057"	"1.21420092493709"	"0.8750612633917"	"0.22902733424348"	"02,03"	"0;0"	"0;0"
"IGHV3-43"	"02,01"	"440,0"	"440"	NA	"2.34299975793921"	"-94.0132773016861"	"-169.93350774974"	"-256.970131599264"	"96.3562770596253"	"02"	"579"	"579"
"IGHV3-43D"	"04,03,05"	"61,0,0"	"61"	NA	"4.6224823164513"	"-8.73600154863312"	"-19.261306224386"	"-31.32774725807"	"13.3584838650844"	"04"	"78"	"78"
"IGHV3-47"	"01"	"1"	"1"	NA	"1.36749927619547"	"1.14850773742359"	"0.975961759132561"	"0.778151250383644"	"0.218991538771876"	"01"	"1"	"1"
"IGHV3-48"	"03,04,01"	"1364,18,0"	"1382"	NA	"-3.54779386984643"	"-273.222143333729"	"-1000"	"-1000"	"269.674349463883"	"03"	"2496"	"2496"
"IGHV3-49"	"04,03,05"	"530,2,0"	"532"	NA	"2.56119000363808"	"-110.278757832017"	"-201.841089038168"	"-306.963316980687"	"112.839947835655"	"04"	"685"	"685"
"IGHV3-53"	"04,02,01,05"	"162,155,0,0"	"317"	NA	"-213.144024058018"	"1.36084445249707"	"-35.3462142032795"	"-89.2975353040569"	"36.7070586557766"	"04,02"	"208;200"	"208;200"
"IGHV3-64"	"01,02,07"	"116,9,2"	"127"	NA	"-0.242652375278536"	"-11.1306161623385"	"-28.8243351517285"	"-53.0423165417712"	"10.88796378706"	"01"	"162"	"162"
"IGHV3-66"	"01,02,03"	"334,3,3"	"339"	NA	"4.86738488696248"	"-63.4374374926848"	"-116.992318265834"	"-183.485015646362"	"68.3048223796472"	"01"	"567"	"567"
"IGHV3-69-1"	"02,01"	"22,11"	"33"	NA	"-9.54841713499287"	"3.37439143594296"	"-1.04291500193666"	"-6.94936687517401"	"4.41730643787962"	"02,01"	"1;0"	"1;0"
"IGHV3-72"	"01"	"69"	"69"	NA	"4.67656326455109"	"-10.4338529107083"	"-22.3395254127895"	"-35.9884505164648"	"15.1104161752594"	"01"	"83"	"83"
"IGHV3-73"	"02,01"	"190,129"	"319"	NA	"-162.955316077132"	"3.48540907305776"	"-36.5844217201041"	"-92.3998790931429"	"40.0698307931618"	"02,01"	"213;147"	"213;147"
"IGHV3-74"	"01"	"392"	"392"	NA	"2.80339538550126"	"-83.041287813074"	"-150.679311303158"	"-228.221030732734"	"85.8446831985752"	"01"	"459"	"459"
"IGHV3-NL1"	"01"	"30"	"30"	NA	"4.13366664654794"	"-2.43607951660833"	"-7.61245886533927"	"-13.5467741278068"	"6.56974616315627"	"01"	"0"	"0"
"IGHV4-4"	"02,09,10,08"	"812,7,4,2"	"827"	NA	"4.69792651229232"	"-161.833715973433"	"-296.676526445534"	"-1000"	"166.531642485725"	"02"	"1311"	"1311"
"IGHV4-28"	"01,03,05,07"	"10,8,1,1"	"21"	NA	"-9.05024217601201"	"1.66211329002711"	"0.899776007468031"	"-0.793988954422081"	"0.762337282559083"	"01,03"	"11;0"	"11;0"
"IGHV4-30-2"	"01,05,06"	"339,22,0"	"361"	NA	"-6.07356894674834"	"-44.83045574258"	"-104.566132214194"	"-174.733136041599"	"38.7568867958317"	"01"	"439"	"439"
"IGHV4-30-4"	"01,07,08,i02"	"823,4,0,0"	"827"	NA	"0.512237458142968"	"-173.266663524232"	"-315.497929080997"	"-1000"	"173.778900982375"	"01"	"1058"	"1058"
"IGHV4-31"	"03,01,11"	"996,2,2"	"1000"	NA	"-0.331317082740763"	"-215.221321986089"	"-1000"	"-1000"	"214.890004903349"	"03"	"1575"	"1575"
"IGHV4-34"	"01,01_A318G"	"2581,241"	"2822"	NA	"-9.84472912568635"	"-27.4983543357618"	"-73.393672011131"	"-127.854596901622"	"17.6536252100755"	"01"	"4311"	"4311"
"IGHV4-38-2"	"01,02"	"526,2"	"528"	NA	"2.59568006471365"	"-109.368301615853"	"-200.240448908841"	"-304.571434816364"	"111.963981680567"	"01"	"874"	"874"
"IGHV4-39"	"01,07,i03,08"	"1086,23,5,1"	"1115"	NA	"0.564790694483642"	"-200.165991707219"	"-1000"	"-1000"	"200.730782401703"	"01"	"1776"	"1776"
"IGHV4-59"	"01,12,11,i03"	"950,8,1,1"	"960"	NA	"1.89959088166427"	"-193.24010009786"	"-1000"	"-1000"	"195.139690979524"	"01"	"1522"	"1522"
"IGHV4-61"	"01,02,10,i04"	"197,8,1,1"	"208"	NA	"2.74413111412664"	"-27.494931170175"	"-60.5233663931569"	"-99.2076964910946"	"30.2390622843016"	"01"	"243"	"243"
"IGHV4-NL1"	"01"	"547"	"547"	NA	"1.26527045510112"	"-118.523101253115"	"-212.905751378309"	"-321.107558256161"	"119.788371708216"	"01"	"810"	"810"
"IGHV5-10-1"	"01,03"	"5,5"	"10"	NA	"-4.51280869978036"	"2.45615288995894"	"1.31101621874154"	"-0.384682088985394"	"1.1451366712174"	"01,03"	"0;0"	"0;0"
"IGHV5-51"	"01,03,06,07"	"1010,0,0,0"	"1010"	NA	"-3.82354405784359"	"-225.004998217438"	"-1000"	"-1000"	"221.181454159594"	"01"	"1344"	"1344"
"IGHV6-1"	"01,03"	"258,0"	"258"	NA	"3.9652265162268"	"-52.5345904869171"	"-97.0514528860032"	"-148.086564143224"	"56.4998170031439"	"01"	"326"	"326"
"IGHV7-4-1"	"02,01,04"	"547,13,0"	"560"	NA	"0.945546875827021"	"-97.8766346950324"	"-192.993542447608"	"-303.03316971962"	"98.8221815708594"	"02"	"689"	"689"
"IGHV7-81"	"01"	"2"	"2"	NA	"1.75272731935137"	"1.31474424180762"	"0.969652285225554"	"0.574031267727719"	"0.437983077543751"	"01"	"2"	"2"
"IGHD1-1"	"01"	"97"	"97"	""	"4.75380061522466"	"-24.0310655601918"	"-52.4129578885223"	"-52.4129578885223"	"28.7848661754165"	"01"	"149"	"149"
"IGHD1-7"	"01"	"360"	"360"	""	"3.09981481166527"	"-103.730616354829"	"-209.065474480592"	"-209.065474480592"	"106.830431166494"	"01"	"516"	"516"
"IGHD1-14"	"01"	"144"	"144"	""	"4.66251515844375"	"-38.0696573081539"	"-80.203600558459"	"-80.203600558459"	"42.7321724665977"	"01"	"226"	"226"
"IGHD1-20"	"01"	"91"	"91"	""	"4.74860976753063"	"-22.2557492217776"	"-48.8820605813454"	"-48.8820605813454"	"27.0043589893083"	"01"	"120"	"120"
"IGHD1-26"	"01"	"2049"	"2049"	""	"4.34258959235853"	"-56.4617308132378"	"-116.414820896484"	"-116.414820896484"	"60.8043204055963"	"01"	"3152"	"3152"
"IGHD2-2"	"01,02"	"353,83"	"436"	""	"-73.1217429115415"	"-36.1465910781141"	"-163.718808141538"	"-163.718808141538"	"36.9751518334274"	"01,02"	"513;114"	"513;114"
"IGHD2-8"	"02,01"	"280,216"	"496"	""	"-285.07659166829"	"0.668231017146827"	"-144.459795733904"	"-144.459795733904"	"145.128026751051"	"02,01"	"393;280"	"393;280"
"IGHD2-15"	"01"	"2038"	"2038"	""	"4.3496272849632"	"-56.1282668031799"	"-115.759500375487"	"-115.759500375487"	"60.4778940881431"	"01"	"3259"	"3259"
"IGHD2-21"	"01,02"	"442,433"	"875"	""	"-1000"	"-0.139290456215448"	"-256.161515067444"	"-256.161515067444"	"256.022224611229"	"01,02"	"650;624"	"650;624"
"IGHD3-3"	"01"	"3142"	"3142"	""	"3.50578168788866"	"-89.733444624646"	"-181.667368022187"	"-181.667368022187"	"93.2392263125347"	"01"	"4497"	"4497"
"IGHD3-9"	"01"	"1155"	"1155"	""	"4.741850125202"	"-29.5329132073816"	"-63.3278468560637"	"-63.3278468560637"	"34.2747633325836"	"01"	"1618"	"1619"
"IGHD3-10"	"01,03"	"2143,1660"	"3803"	""	"-218.043334562167"	"1.81953300625771"	"-109.455040730485"	"-109.455040730485"	"111.274573736743"	"01,03"	"3139;2371"	"3139;2371"
"IGHD3-16"	"03,02"	"653,513"	"1166"	""	"-64.4766842953621"	"3.74381252965065"	"-30.3729776299714"	"-30.3729776299714"	"34.116790159622"	"03,02"	"853;687"	"853;688"
"IGHD3-22"	"01"	"3475"	"3475"	""	"3.2129299679606"	"-99.9081112274748"	"-201.585509001648"	"-201.585509001648"	"103.121041195435"	"01"	"5793"	"5793"
"IGHD4-17"	"01"	"2341"	"2341"	""	"4.14340904285391"	"-65.3260463351358"	"-133.822963799694"	"-133.822963799694"	"69.4694553779897"	"01"	"3791"	"3791"
"IGHD4-23"	"01"	"670"	"670"	""	"-0.0349100383658194"	"-198.858212487119"	"-1000"	"-1000"	"198.823302448753"	"01"	"1024"	"1025"
"IGHD5-12"	"01"	"289"	"289"	""	"3.71791580416949"	"-82.0431803267106"	"-166.603663655448"	"-166.603663655448"	"85.7610961308801"	"01"	"405"	"405"
"IGHD5-18"	"02"	"97"	"97"	""	"4.75380061522466"	"-24.0310655601918"	"-52.4129578885223"	"-52.4129578885223"	"28.7848661754165"	"02"	"130"	"131"
"IGHD5-24"	"01"	"842"	"842"	""	"-1.92444823438823"	"-251.788956684911"	"-1000"	"-1000"	"249.864508450523"	"01"	"1230"	"1230"
"IGHD6-6"	"01"	"1171"	"1171"	""	"4.73913350455947"	"-30.0104317443196"	"-64.2735203180052"	"-64.2735203180052"	"34.7495652488791"	"01"	"1739"	"1739"
"IGHD6-13"	"01"	"2836"	"2836"	""	"3.76215586453707"	"-80.3964837988456"	"-163.376944255696"	"-163.376944255696"	"84.1586396633827"	"01"	"4594"	"4594"
"IGHD6-19"	"01"	"3031"	"3031"	""	"3.60032520944253"	"-86.3449628087919"	"-175.031061414122"	"-175.031061414122"	"89.9452880182345"	"01"	"5001"	"5001"
"IGHD6-25"	"01"	"108"	"108"	""	"4.75124988614264"	"-27.2978794638056"	"-58.8983369015344"	"-58.8983369015344"	"32.0491293499483"	"01"	"173"	"172"
"IGHD7-27"	"01"	"268"	"268"	""	"3.88727857671092"	"-75.6420424027904"	"-154.057992340858"	"-154.057992340858"	"79.5293209795013"	"01"	"435"	"435"
"IGHJ1"	"01"	"747"	"747"	""	"-0.872393561599861"	"-222.545538232075"	"-1000"	"-1000"	"221.673144670476"	"01"	"944"	"944"
"IGHJ2"	"01"	"1479"	"1479"	""	"4.6472858705393"	"-39.2422162670288"	"-82.5172871470295"	"-82.5172871470295"	"43.8895021375681"	"01"	"1901"	"1901"
"IGHJ3"	"02"	"5428"	"5428"	""	"1.30865495133076"	"-159.767895151928"	"-318.589452648376"	"-318.589452648376"	"161.076550103259"	"02"	"7479"	"7479"
"IGHJ4"	"02"	"18048"	"18048"	""	"4.48937723796999"	"-49.0682789201658"	"-101.876154460548"	"-101.876154460548"	"53.5576561581358"	"02"	"29403"	"29403"
"IGHJ5"	"02"	"4911"	"4911"	""	"1.83595695647934"	"-143.89855622648"	"-287.592858519708"	"-287.592858519708"	"145.734513182959"	"02"	"6951"	"6951"
"IGHJ6"	"02"	"8084"	"8084"	""	"-1.55025528746972"	"-241.443923495786"	"-1000"	"-1000"	"239.893668208317"	"02"	"13389"	"13390"
